"id","trust_vignette01","trust_vignette_verify","trust_vignette_condition","food_insecurity","hh_need2","purchases_market","cell_use","fertilize_crops","region","interviewer","clan","gender","age","wives_cowives","num_children","children_school","literate","education","livestock_manage","sell_milk_meat","sell_handcrafts","wage_labor","farming","sell_crops","own_business","teaching","other_livelihood","hh_size","hh_labor","urban_travel","farm_experience","christian","engai_christian_same","god_mind","god_body","god_omnipotent","god_omniscient","god_omnibenevolent","god_punish","god_reward","rituals_frequency","prayer_frequency","disagree_god_frequency","maasai_all_cattle","polygyny","moran_eating","cattle_raid","educate_children","educate_women","cattle_over_cash","belief_god_important","children_share_religious","others_share_religious","farming_good","female_circumcision","maasai_worry_future","god_comfort_safety","TLU","donkeys","chickens","cattle","goats","sheep","roof","solar"
1,1,0,"prestige",0.8,5.25,"often","often",0,"south","aaron","Inkidongi","male",52,3,18,18,1,"none",1,0,0,0,1,1,0,0,NA,21,4,"rarely",26,"christian",1,1,0,1,1,-1,1,1,"often","sometimes","often",-1,1,-1,-1,1,1,2,1,2,2,2,-1,1,1,5.14,2,4,4,10,3,"grass",0
2,0,1,"prestige",0.25,2.5,"often","often",0,"south","aaron","Liser","male",52,2,6,4,1,"primary",1,0,0,0,1,1,1,0,NA,10,4,"never",31,"christian",1,1,0,1,1,1,1,1,"often","often","often",-1,-1,-1,-1,1,2,1,2,2,2,1,-1,1,1,14.7,3,0,10,50,12,"grass",1
3,1,0,"prestige",1.6,1.5,"sometimes","never",0,"south","aaron","Mollel","male",36,0,0,NA,0,"none",1,0,0,0,1,1,0,0,NA,3,2,"rarely",6,"christian",1,1,1,1,1,1,-1,1,"often","sometimes","never",1,1,-1,-1,1,2,2,1,2,-1,2,1,-1,2,4.4,1,0,4,5,6,"grass",0
4,0.5,1,"prestige",1.75,2,"sometimes","sometimes",0,"south","aaron","Mollel","male",40,1,4,2,1,"none",1,0,0,0,1,0,0,0,NA,8,4,"rarely",4,"traditional",0,0,0,1,1,1,-1,1,"rarely","sometimes","never",1,1,-1,-1,2,1,-1,1,2,1,1,2,1,1,3.62,0,2,4,6,2,"grass",0
5,0.5,1,"prestige",1.75,4,"often","sometimes",1,"south","aaron","Inkidongi","female",40,1,6,5,0,"none",1,0,1,0,1,0,0,0,NA,8,2,"never",9,"christian",1,-1,-1,1,1,-1,1,1,"very often","sometimes","often",-1,-1,-1,-1,1,2,1,1,1,2,1,-1,-1,1,6.3,2,10,5,10,7,"grass",0
6,1,1,"prestige",1.75,2,"often","sometimes",1,"south","aaron","Liser","female",21,1,3,1,1,"primary",1,0,0,0,1,1,0,0,NA,4,2,"never",9,"christian",-1,-1,-1,1,1,1,1,1,"very often","often","very often",-1,1,-1,-1,1,1,0,1,1,1,1,-1,1,1,13.65,3,15,10,20,30,"grass",0
7,0,1,"experience",1.75,2.33333333333333,"often","never",1,"south","aaron","Liser","female",75,1,9,3,0,"none",1,0,1,0,1,1,0,0,NA,7,3,"never",70,"christian",-1,1,1,1,1,1,1,1,"often","often","very often",1,1,-1,-1,1,2,-1,2,1,1,1,0,0,2,3.1,1,0,2,10,2,"grass",0
8,1,1,"prestige",0.8,2,"sometimes","often",0,"south","aaron","Mollel","male",48,1,8,2,0,"primary",1,0,0,0,1,1,0,0,NA,10,5,"rarely",30,"traditional",1,0,0,1,1,-1,1,1,"never","often","never",-1,1,-1,-1,1,1,-1,2,2,2,2,-1,1,1,31.55,5,5,30,70,10,"metal",1
9,0,1,"prestige",1.6,2,"sometimes","often",0,"south","aaron","Mollel","male",53,4,17,7,0,"none",1,0,0,0,1,1,0,0,NA,22,11,"never",40,"traditional",0,1,1,1,1,1,1,1,"never","sometimes","never",-1,0,-1,-1,2,2,-1,1,-1,-1,1,1,1,1,37.6,7,10,40,40,20,"grass",0
10,1,0,"prestige",1,3.75,"often","sometimes",0,"south","aaron","Mollel","female",49,2,5,5,1,"primary",1,0,1,0,1,1,0,0,NA,15,4,"never",26,"christian",-1,0,1,1,1,1,-1,1,"often","often","sometimes",-1,1,-1,-1,1,2,-1,2,2,1,1,-1,1,1,11.14,4,4,10,15,6,"metal",1
11,0.5,0,"prestige",1.6,2,"often","sometimes",0,"south","aaron","Mollel","male",67,1,2,2,0,"none",1,0,0,0,1,1,0,0,NA,4,2,"never",15,"christian",1,0,0,1,1,1,1,1,"often","often","rarely",-1,-1,-1,-1,2,2,-1,2,2,2,2,-1,1,2,25.8,2,0,28,46,6,"grass",0
12,1,0,"prestige",1.6,2,"very often","often",1,"south","aaron","Liser","male",38,1,2,1,1,"none",1,0,0,0,1,1,0,0,NA,4,2,"rarely",8,"christian",1,0,0,1,1,-1,1,1,"very often","often","very often",-1,-1,-1,-1,2,2,-1,2,2,2,1,-1,1,1,17,0,0,15,55,10,"grass",0
13,0,1,"experience",1.6,3,"sometimes","often",1,"south","aaron","Mollel","female",75,1,8,3,0,"none",1,0,1,0,1,1,0,0,NA,6,2,"never",20,"christian",1,-1,0,1,1,1,1,1,"often","often","never",-1,-1,1,-1,2,1,1,2,2,2,2,-1,2,2,2.75,1,5,2,5,3,"metal",1
14,0,1,"experience",1.6,3.33333333333333,"sometimes","often",1,"south","aaron","Mollel","female",80,10,6,2,0,"primary",1,0,1,0,1,1,0,0,NA,10,3,"never",20,"christian",1,0,0,1,1,1,-1,1,"often","often","never",-1,1,-1,-2,2,1,1,2,2,2,1,-1,1,2,2.82,2,2,2,2,2,"grass",0
15,0,1,"prestige",1.6,2,"often","sometimes",0,"south","aaron","Inkidongi","male",30,1,2,NA,0,"none",1,0,0,1,1,1,0,0,NA,6,3,"sometimes",8,"traditional",0,1,0,1,1,-1,1,1,"rarely","sometimes","never",-1,-1,-1,-1,2,1,0,2,1,1,2,0,-1,2,2.6,1,0,1,10,4,"grass",0
16,0,1,"prestige",1.2,1.75,"often","sometimes",0,"south","aaron","Mollel","male",30,1,1,NA,0,"none",1,0,0,0,1,1,1,0,NA,7,4,"sometimes",17,"christian",1,0,0,1,1,1,1,1,"often","sometimes","sometimes",-1,1,-1,-1,2,-1,-1,2,1,2,2,-1,-1,2,3.2,2,0,0,20,2,"grass",0
17,1,0,"prestige",0.8,3.33333333333333,"often","sometimes",0,"south","aaron","Liser","male",40,2,8,5,1,"primary",1,0,0,0,1,1,1,0,NA,10,3,"sometimes",20,"christian",1,0,0,1,1,1,1,1,"often","sometimes","rarely",-1,1,-1,-1,2,1,-1,2,1,1,1,-1,1,2,10.56,3,6,10,10,10,"metal",1
18,0,1,"prestige",0.25,7,"often","sometimes",1,"south","aaron","Liser","male",41,2,10,7,1,"primary",1,1,0,0,1,1,0,0,NA,14,2,"sometimes",22,"traditional",1,-1,-1,1,1,-1,0,1,"rarely","sometimes","sometimes",1,1,-1,-1,2,2,2,2,-1,1,-1,-1,-1,2,6.26,5,6,4,6,3,"metal",1
19,0,1,"prestige",0.25,3,"often","sometimes",0,"south","aaron","Liser","female",30,2,4,3,0,"none",1,0,1,0,1,1,0,0,NA,6,2,"never",20,"christian",-1,0,-1,1,1,1,1,1,"often","often","never",-1,1,-1,-1,2,1,-1,1,1,1,1,-1,2,2,2.82,2,2,2,3,1,"metal",1
20,0,1,"prestige",0.25,8,"often","sometimes",0,"south","aaron","Liser","female",30,4,7,6,0,"none",1,0,1,0,1,1,0,0,NA,8,1,"never",10,"christian",-1,0,-1,1,1,1,1,1,"often","often","never",-1,1,-1,-1,2,1,-1,1,1,1,1,-1,2,2,2.32,1,2,2,2,2,"metal",1
21,1,1,"experience",1.6,2,"often","sometimes",NA,"south","aaron","Inkidongi","male",70,1,7,1,0,"none",1,0,0,0,1,1,0,0,NA,4,2,"never",10,"traditional",1,0,0,1,1,-1,1,1,"never","sometimes","rarely",-1,2,-1,-1,1,1,2,1,2,2,1,-1,1,1,1.8,2,0,1,1,0,"grass",0
22,0.5,1,"experience",1.6,20,"very often","sometimes",0,"south","aaron","Inkidongi","male",34,2,7,4,1,"primary",1,0,0,0,1,1,0,0,NA,20,1,"rarely",15,"traditional",1,0,0,1,1,-1,1,1,"never","sometimes","rarely",1,1,-1,-1,1,1,1,1,2,2,1,-1,-1,1,4.62,2,2,4,5,3,"grass",0
23,0.5,1,"experience",1,2.66666666666667,"often","sometimes",0,"south","aaron","Mollel","male",32,1,5,3,1,"primary",1,1,1,0,1,1,0,0,NA,8,3,"rarely",20,"traditional",1,1,0,1,1,-1,1,1,"rarely","sometimes","very often",1,1,-1,-1,2,1,1,1,2,2,2,-1,1,2,5.57,2,7,4,11,6,"grass",0
24,1,0,"experience",1,NA,"often","never",0,"south","aaron","Mollel","female",36,3,4,2,0,"none",1,0,1,0,1,0,0,0,NA,NA,NA,"never",11,"traditional",0,1,0,1,1,-1,1,1,"never","sometimes","never",1,1,-1,-1,1,1,1,1,1,1,2,-1,-1,1,2.12,1,2,2,1,1,"grass",0
25,0,1,"prestige",0.5,3.5,"often","sometimes",1,"south","aaron","Mollel","male",48,1,5,3,0,"none",1,0,1,0,1,1,0,0,NA,7,2,"never",20,"christian",0,0,0,1,1,1,0,1,"often",NA,NA,-1,1,NA,-1,1,1,1,1,NA,1,NA,1,-1,NA,13.03,3,3,5,70,10,"metal",1
26,0.5,1,"experience",1.2,2.5,"often","sometimes",0,"south","aaron","Liser","male",30,1,2,1,0,"none",1,0,0,0,1,0,0,0,NA,5,2,"rarely",20,"christian",-1,1,-1,1,1,1,1,1,"often","sometimes","very often",-1,1,-1,-2,1,2,1,1,1,1,1,-1,-1,1,5.4,1,0,6,5,2,"grass",1
27,1,NA,"experience",1.2,2.5,"often","sometimes",0,"south","aaron","Liser","male",33,1,3,2,0,"none",1,0,0,0,1,0,0,0,NA,5,2,"rarely",20,"christian",-1,1,1,1,1,1,1,1,"often","sometimes","very often",-1,-1,-1,-2,1,2,1,1,1,1,1,-1,-1,1,4.4,0,0,6,2,0,"grass",0
28,0.5,1,"experience",1.6,9.33333333333333,"rarely","never",0,"south","aaron","Mollel","male",75,5,40,NA,0,"none",1,0,0,0,1,0.5,0,0,NA,28,3,"never",65,"christian",1,0,0,1,1,0,1,0,"often",NA,"never",-1,1,-1,-2,1,2,0,1,2,2,2,-1,1,1,63.5,3,0,80,30,30,"metal",1
29,1,NA,"experience",1.4,3.5,"often","often",0,"south","aaron","Mollel","male",40,1,5,4,0,"none",1,0,0,0,1,1,0,0,NA,7,2,"rarely",20,"christian",1,1,0,1,1,1,1,1,"often","sometimes","never",1,1,-1,-2,1,1,2,1,1,1,1,-1,1,1,3.74,2,4,3,6,0,"grass",0
30,0.5,NA,"prestige",1.6,3,"very often","never",1,"south","aaron","Liser","female",21,2,3,2,0,"none",1,0,1,0,1,1,1,0,"husband owns a shop",6,2,"never",NA,"christian",-1,-1,-1,1,1,1,1,1,"often","often","never",1,1,-1,-1,1,2,1,2,1,1,1,-1,1,1,20.05,4,5,20,30,10,"metal",1
31,1,NA,"experience",1,2.5,"sometimes","often",1,"south","aaron","Lukumai","male",53,3,10,3,1,"primary",1,1,0.5,0,1,1,0,0,NA,15,6,"never",20,"christian",-1,0,0,1,1,1,1,1,"often","sometimes","rarely",-1,1,-1,-1,1,1,0,1,1,2,1,-1,-1,1,26.04,5,4,20,45,50,"metal",1
32,1,NA,"prestige",1.6,4,"sometimes","never",NA,"south","aaron","Inkidongi","male",45,1,4,1,0,"none",1,0,0,0,0,0,0,0,NA,4,1,"rarely",NA,"traditional",1,1,0,1,1,1,1,1,"rarely","sometimes","rarely",1,2,-1,-1,2,1,1,1,1,2,1,1,1,2,29,10,0,20,50,50,"grass",0
33,0,1,"experience",1.6,3,"often","never",1,"south","aaron","Mollel","female",51,4,8,2,0,"primary",1,1,0,0,1,1,0,0,NA,9,3,"never",35,"christian",1,1,0,1,1,-1,1,1,"often","sometimes","very often",-1,-1,-1,-1,1,1,-1,1,1,1,1,-1,1,1,4.35,2,5,4,3,2,"metal",0
34,1,1,"prestige",0.25,3.5,"often","often",1,"south","aaron","Lukumai","female",30,4,4,1,0,"none",1,1,0,0,1,0.5,0,0,NA,14,4,"never",10,"christian",-1,1,0,1,1,1,-1,1,"often","sometimes","rarely",1,-1,-1,-1,1,1,-1,1,1,2,1,1,1,2,89.5,11,0,100,100,40,"grass",0
35,0,1,"prestige",0.25,3.5,"often","sometimes",0,"south","aaron","Inkidongi","male",32,2,6,1,0,"none",1,0,0,0,1,1,0,0,NA,14,4,"rarely",20,"christian",0,0,0,1,1,1,1,1,"often","sometimes","never",-1,-1,-1,-1,1,1,-1,1,1,2,1,2,1,1,121,12,0,100,300,150,"grass",0
36,0,1,"experience",1,2.33333333333333,"rarely","often",0,"south","aaron","Mollel","female",30,1,5,NA,1,"primary",1,0,1,0,1,1,0,0,NA,7,3,"never",10,"christian",-1,1,1,1,1,1,1,1,"often","often","never",-1,0,-1,-1,2,1,1,2,2,1,1,-1,-1,2,4.1,2,0,2,12,5,"grass",0
37,0,1,"experience",1,3,"often","often",0,"south","aaron","Lukumai","female",35,1,6,5,1,"primary",1,0,0,0,1,1,0,0,NA,9,3,"never",21,"christian",1,1,-1,1,1,1,1,1,"often","sometimes","never",-1,-1,-1,-1,1,1,1,1,1,-1,2,1,1,1,4.3,1,0,2,14,10,"metal",1
38,0,1,"prestige",1.2,1,"often","never",0,"south","aaron","Inkidongi","female",53,2,8,1,0,"none",1,1,1,0,1,1,0,0,NA,5,5,"rarely",36,"christian",0,-1,-1,1,1,1,-1,1,"often","sometimes","never",1,1,2,-1,2,2,2,2,1,1,2,1,1,2,25.04,2,4,20,100,0,"metal",1
39,1,1,"prestige",1.4,12,"often","often",0,"south","aaron","Mollel","male",32,1,1,NA,1,"secondary",1,1,1,0,1,1,0,0,"tourism",12,1,"sometimes",9,"christian",1,1,-1,1,1,1,1,1,"rarely","sometimes","sometimes",1,1,-1,-1,1,1,1,1,0,0,1,1,2,1,8.88,3,8,8,17,0,"metal",1
40,1,0,"prestige",0.8,2.1,"often","often",1,"south","aaron","Mollel","male",46,3,13,7,0,"none",1,0,1,0,1,1,0,0,NA,21,10,"sometimes",36,"christian",1,1,1,1,1,-1,1,1,"often","sometimes","never",-2,1,-1,-1,1,1,0,1,2,-1,1,-1,1,1,16.28,4,8,15,17,20,"grass",0
41,1,0,"prestige",0.25,2.1,"often","never",1,"south","aaron","Mollel","male",61,0,0,NA,1,"primary",1,0,0,0,1,1,0,0,NA,21,10,"never",40,"christian",1,-1,1,1,1,1,1,1,"often","sometimes","rarely",-1,0,-1,-1,1,2,-1,1,0,1,2,-1,1,2,16.28,4,8,15,17,20,"grass",0
42,1,1,"prestige",1,3.4,"often","often",0,"south","aaron","Mollel","male",19,0,0,NA,1,"secondary",1,0,0,0,1,0,0,1,NA,17,5,"rarely",15,"christian",-1,1,1,1,1,1,1,1,"very often","sometimes","never",-1,-1,-1,-1,1,1,-1,1,1,1,1,-1,1,1,15.9,1,0,20,10,4,"grass",0
43,0.5,1,"experience",1,1.66666666666667,"often","often",0,"south","aaron","Lukumai","male",34,1,1,1,0,"none",1,0,0,0,1,1,0,0,NA,5,3,"rarely",12,"christian",1,1,1,1,1,1,1,1,"often","sometimes","rarely",-1,1,-1,-1,1,1,-1,1,1,1,1,-1,-1,1,4.33,1,3,4,8,2,NA,NA
44,1,1,"prestige",1.2,3.5,"often","often",1,"south","aaron","Mollel","male",30,1,0,NA,1,"primary",1,0,1,0,1,1,1,0,NA,14,4,"rarely",10,"traditional",1,1,1,1,1,-1,1,1,"often","sometimes","rarely",-1,1,-1,-1,1,1,1,1,-1,1,-1,-1,1,1,6.5,2,0,5,10,10,"grass",0
45,0.5,1,"experience",1,3,"often","sometimes",0,"south","aaron","Mollel","male",54,1,4,1,0,"none",1,0,0,0,1,1,0,0,NA,6,2,"never",30,"christian",1,1,-1,1,1,1,-1,1,"very often","often","rarely",-1,-1,-1,-1,1,1,-1,1,1,1,2,1,1,1,8.83,1,3,10,7,6,NA,NA
46,0,1,"prestige",1,5,"often","often",0,"south","aaron","Liser","male",37,1,1,1,0,"primary",1,0,0,1,1,1,0,0,"sells medicinal herbs",10,2,"rarely",30,"traditional",1,1,-1,1,1,1,-1,1,"never","sometimes","rarely",-1,-1,-1,-1,1,1,-1,2,1,1,1,-1,1,1,18.01,4,1,10,50,40,"metal",1
47,1,1,"experience",0.8,5,"often","sometimes",1,"south","aaron","Lukumai","male",37,1,2,1,1,"secondary",1,1,0,1,1,1,0,1,NA,5,1,"sometimes",5,"christian",1,1,-1,1,1,1,1,1,"often",NA,"sometimes",2,-1,-1,-1,2,2,1,2,2,2,2,-2,1,2,17.3,2,0,15,21,37,"metal",1
48,0.5,1,"experience",1.6,2,"sometimes","often",0,"south","aaron","Lukumai","male",43,2,8,3,0,"none",1,1,1,0,1,1,0,0,NA,4,2,"rarely",22,"christian",1,1,1,1,1,1,-1,1,"often","sometimes","sometimes",1,1,-1,NA,2,1,0,2,1,2,2,1,1,1,8.1,5,10,5,10,10,"metal",1
49,1,0,"prestige",1.6,4.33333333333333,"often",NA,0,"south","aaron","Lukumai","male",46,2,10,8,1,"primary",1,0,0,0,1,1,0,0,NA,13,3,"never",24,"traditional",1,-1,1,1,1,1,1,1,"never",NA,"rarely",2,2,-1,NA,2,1,-1,1,-1,-1,1,-1,1,2,33.55,4,5,40,5,30,"metal",1
50,1,0,"prestige",1.6,3.75,"often",NA,0,"south","aaron","Mollel","male",59,3,11,6,0,"primary",1,0,0,0,1,1,0,0,NA,15,4,"never",36,"traditional",1,0,1,1,1,1,1,1,"never",NA,"rarely",2,2,-1,NA,2,1,1,1,-1,-1,2,-1,1,2,8.7,2,0,10,4,3,"grass",1
51,1,0,"experience",1.6,2,"often","sometimes",0,"south","aaron","Mollel","female",70,1,10,3,0,"none",1,1,0,0,1,1,0,0,NA,4,2,"never",60,"christian",1,1,1,1,1,1,1,1,"rarely","sometimes","never",1,2,0,NA,2,1,2,1,-1,-1,2,1,-1,2,8.1,5,10,5,10,10,"metal",1
52,1,0,"experience",1.6,1.33333333333333,"often","sometimes",0,"south","aaron","Liser","male",45,1,4,3,1,"primary",1,0,0,0,1,1,0,0,"boda, pastor",8,6,"never",15,"christian",1,1,1,1,1,1,-1,1,"very often","sometimes","often",2,-1,1,NA,1,1,1,1,0,1,1,-1,-1,1,6.9,2,0,7,5,5,"metal",1
53,0.5,1,"experience",1.6,1.25,"often","sometimes",0,"south","aaron","Mollel","male",34,1,2,1,1,"primary",1,0,0,0,1,1,0,0,"boda",2.5,2,"rarely",8,"christian",1,1,1,1,1,1,-1,1,"often","sometimes","very often",1,-2,1,NA,1,1,2,1,0,1,1,-1,-1,1,5.7,1,20,5,5,10,"grass",0
54,1,NA,"prestige",1.4,4,"often","sometimes",0,"south","aaron","Liser","male",52,1,8,6,1,"primary",1,0,0,0,1,1,1,0,NA,12,3,"never",22,"christian",1,1,0,1,1,1,1,1,"often","sometimes","rarely",2,1,-1,NA,2,2,1,2,2,2,2,-1,1,1,29.1,8,10,20,50,60,"metal",1
55,1,NA,"experience",1,3.5,"often","sometimes",0,"south","aaron","Lukumai","male",40,1,4,3,1,"primary",1,1,0,0,1,1,0,0,NA,7,2,"rarely",30,"traditional",-1,0,0,0,-1,1,-1,1,"very often","sometimes","never",1,1,-1,NA,1,1,1,1,1,1,1,-1,1,1,46.2,8,20,50,70,0,"grass",1
56,0,1,"prestige",0.6,7,"often","sometimes",0,"south","aaron",NA,"male",30,2,NA,3,0,"none",NA,NA,NA,NA,NA,NA,NA,NA,NA,14,2,"never",8,"traditional",1,1,1,1,1,1,1,1,"rarely","sometimes","never",1,1,-1,-1,1,1,2,1,2,2,1,-1,1,1,13.06,7,6,10,20,5,"metal",1
57,0.5,1,"experience",1.25,1.66666666666667,"often","often",NA,"south","aaron","Mollel","male",NA,NA,NA,NA,NA,NA,NA,NA,NA,NA,NA,NA,NA,NA,NA,25,15,"rarely",NA,"christian",-1,1,-1,1,1,-1,1,1,"often","sometimes","sometimes",2,1,-1,1,2,1,1,2,2,1,2,1,2,1,28.5,3,0,30,50,10,"metal",0
58,1,1,"experience",1.2,3.66666666666667,"rarely",NA,0,"south","aaron",NA,"female",NA,NA,NA,2,NA,"primary",NA,NA,NA,NA,NA,NA,NA,NA,NA,11,3,NA,10,"christian",-1,1,-1,1,1,1,1,1,"often","sometimes","rarely",-1,-1,-1,1,1,2,-1,2,2,2,2,-2,-2,2,10.22,5,2,5,32,10,"metal",NA
59,1,1,"prestige",0.25,2.5,"often","sometimes",NA,"south","aaron","Mollel","male",NA,NA,NA,NA,NA,NA,NA,NA,NA,NA,NA,NA,NA,NA,NA,5,2,"sometimes",NA,"traditional",1,-1,1,1,1,1,1,1,"never","sometimes","often",-2,1,-1,-1,2,1,2,NA,2,2,2,-1,-1,1,13.53,5,3,10,20,20,"grass",0
60,0.5,1,"experience",0.5,5.33333333333333,"sometimes","often",0,"south","aaron","Irmoingo","male",37,1,3,0,1,"secondary",1,1,1,1,0,1,1,1,"tourism",16,3,"often",14,"traditional",1,1,0,1,1,1,1,1,"rarely","sometimes","never",1,2,-1,2,2,2,2,1,-1,-1,2,-1,2,1,7.16,10,36,2,1,3,"metal",0
61,0.5,1,"prestige",1.2,2.5,"often","often",0,"south","assistant1","Mollel","female",32,1,3,2,0,"none",1,0,1,0,1,1,0,0,NA,5,2,"never",10,"traditional",1,1,0,1,1,1,0,0,"never","sometimes","never",-1,-1,-1,-1,1,2,0,1,2,1,1,0,-1,1,8.33,1,3,8,19,3,"grass",0
62,1,1,"experience",1.2,2.66666666666667,"often",NA,0,"south","assistant1","Mollel","male",37,1,4,2,0,"none",1,0,0,0,1,1,0,0,NA,8,3,"rarely",21,"christian",1,1,-1,1,1,-1,1,1,"often","often","sometimes",-1,1,-1,-1,1,1,0,1,1,1,1,-1,1,2,10.8,1,0,11,9,17,"metal",1
63,1,0,"experience",0,2.66666666666667,"often",NA,0,"south","assistant1","Lukumai","male",34,1,2,1,0,"none",1,0,0,0,1,1,0,0,NA,8,3,"never",12,"traditional",1,1,1,1,1,0,0,0,"never","sometimes","never",-1,1,-1,-2,1,1,1,1,1,1,1,1,-1,1,24.9,2,10,30,18,10,"grass",0
64,0,1,"prestige",1.2,3.33333333333333,"often",NA,0,"south","assistant1","Liser","male",38,1,4,2,1,"primary",1,0,0,0,1,1,0,0,NA,10,3,"rarely",20,"christian",1,1,-1,1,1,1,-1,1,"often","often","never",-1,-1,-1,-1,1,2,2,1,1,1,1,-1,1,2,16.33,5,3,15,23,10,"grass",0
65,0.5,NA,"prestige",1.4,5.25,"often",NA,NA,"south","assistant1","Lukumai","female",43,3,6,3,0,"none",1,0,0,0,0,0,0,0,NA,21,4,"never",NA,"traditional",1,-1,-1,1,1,1,-1,-1,"rarely","sometimes","sometimes",-1,1,-1,-1,1,1,0,2,1,1,1,-1,0,2,21.5,1,0,10,63,77,"grass",0
66,1,NA,"prestige",1.2,2.66666666666667,"very often",NA,0,"south","assistant1","Liser","female",34,2,5,2,0,"none",1,0,1,0,1,1,0,0,NA,8,3,"never",21,"traditional",1,0,0,1,1,1,-1,1,"rarely","sometimes","never",-1,-2,-1,-1,1,1,2,1,1,1,1,1,-1,2,26.7,4,0,22,51,42,"grass",0
67,1,NA,"prestige",1.2,4,"often","often",0,"south","assistant1","Lukumai","male",49,3,12,4,0,"none",1,0,0,0,1,1,0,0,NA,16,4,"rarely",20,"traditional",1,0,0,1,1,1,0,-1,"rarely","sometimes","never",-1,1,-1,-1,2,2,1,1,2,1,1,2,-1,1,31.3,4,10,26,67,43,"metal",1
68,0,1,"prestige",1.2,2.625,"often",NA,0,"south","assistant1","Mollel","female",45,3,8,NA,0,"none",1,0,1,0,1,1,0,0,NA,21,8,"never",21,"christian",1,1,-1,1,1,1,-1,1,"very often","often","sometimes",-1,-1,-1,-1,1,NA,1,1,1,1,1,-1,1,1,12.95,3,5,11,23,14,"grass",0
69,0.5,1,"prestige",1.2,3.75,"sometimes",NA,1,"south","assistant1","Lukumai","male",38,3,11,NA,1,"primary",1,0,0,0,1,1,0,0,NA,15,4,"rarely",15,"traditional",1,1,-1,1,1,1,1,1,"rarely","sometimes",NA,-1,1,-1,-1,1,1,1,1,1,1,1,0,-1,1,44.2,6,0,36,110,50,"metal",1
70,1,NA,"prestige",1.2,1.66666666666667,"often","often",0,"south","assistant1","Mamasita","female",54,1,4,3,1,"primary",1,1,0,0,1,1,0,NA,NA,5,3,"rarely",30,"christian",1,1,1,1,1,1,1,1,"often","often","sometimes",-2,-1,-1,-1,1,2,1,1,2,1,1,-1,1,2,18.5,2,10,20,34,0,"metal",1
71,1,0,"experience",1.6,2.4,"often","often",0,"south","assistant1","Mollel","female",53,2,8,4,1,"primary",1,0,1,0,1,1,0,0,NA,12,5,"never",25,"christian",1,1,1,1,1,1,1,1,"often","often","sometimes",-1,1,-1,-2,2,1,1,1,1,1,2,-1,1,1,12.34,2,4,10,31,12,"metal",1
72,0,1,"prestige",1.4,2.5,"often","often",1,"south","assistant1","Mollel","male",36,1,2,1,0,"none",1,0,0,0,1,1,0,0,NA,5,2,"sometimes",10,"christian",1,1,1,1,1,1,1,1,"often","often","rarely",-1,-1,-1,-1,1,1,1,1,1,1,1,-1,1,1,3.9,1,0,3,5,8,"grass",0
73,1,0,"prestige",1.2,4.33333333333333,"often","often",0,"south","assistant1","Liser","male",40,2,10,5,1,"primary",1,0,0,0,1,0,0,0,NA,13,3,"rarely",15,"traditional",1,1,1,1,1,1,-1,-1,"rarely","sometimes","never",-1,1,-1,-1,1,1,1,1,1,1,1,1,-1,1,40.9,4,0,45,56,18,"metal",0
74,1,0,"experience",1.6,NA,"often",NA,0,"south","assistant1","Mollel","male",33,1,3,1,0,"none",1,1,0,0,1,1,0,0,NA,NA,NA,"sometimes",10,"traditional",1,1,1,1,1,1,1,1,"rarely","sometimes","never",-1,1,-1,-1,1,1,1,1,1,1,1,1,-1,1,9.7,2,0,10,17,0,"grass",0
75,0.5,1,"experience",1.2,3,"often","often",1,"south","assistant1","Mollel","male",49,2,11,6,0,"none",1,0,0,0,1,1,0,0,NA,15,5,"rarely",20,"traditional",1,1,0,1,1,1,1,1,"rarely","sometimes","never",1,1,-1,-1,1,1,1,1,1,1,1,1,0,1,10.5,2,0,10,15,10,"grass",0
76,0.5,1,"prestige",1.6,3.85714285714286,"sometimes","often",0,"south","assistant1","Liser","female",51,3,4,NA,0,"none",1,0,0,0,1,1,0,0,NA,27,7,"never",21,"traditional",-1,-1,-1,1,1,0,0,0,"never","sometimes","never",1,1,-1,1,1,1,2,1,1,1,1,1,2,1,4.6,1,0,4,13,0,"grass",0
77,1,NA,"experience",1.6,2,"often","often",0,"south","assistant1","Mollel","female",29,1,2,NA,0,"none",1,0,0,0,1,1,0,0,NA,4,2,"never",10,"traditional",1,1,1,1,1,1,0,1,"never","sometimes","never",-1,1,-1,-1,1,1,0,1,1,1,1,-1,1,1,4.05,1,15,3,10,3,"grass",0
78,1,1,"experience",1.2,4.5,"often","often",0,"south","assistant1","Mollel","male",34,1,4,NA,1,"primary",1,0,0,0,1,1,0,0,NA,9,2,"never",8,"traditional",1,1,0,1,1,1,1,1,"rarely","sometimes","never",-1,-1,-2,-1,1,1,0,1,1,1,2,1,-1,1,18.5,4,0,15,27,33,"grass",0
79,1,0,"prestige",1.2,4.33333333333333,"often","often",0,"south","assistant1","Lukumai","female",36,2,7,4,0,"none",1,0,1,0,1,1,0,0,NA,13,3,"never",18,"traditional",1,1,1,1,1,1,1,1,"never","sometimes","never",-1,-1,-1,-1,1,NA,1,1,1,1,1,-1,-2,2,5.98,1,8,5,9,10,"grass",0
80,0.5,1,"prestige",1.2,3.66666666666667,"sometimes","often",NA,"south","assistant1","Liser","male",38,2,8,NA,0,"none",1,0,0,0,0,0,0,0,NA,11,3,"rarely",NA,"traditional",-1,0,0,1,1,1,1,1,"never","sometimes","never",-1,1,-1,-1,1,1,1,1,1,1,1,1,1,1,77.9,7,0,81,105,72,"grass",0
81,1,0,"experience",1.2,3.5,"often","never",0,"south","assistant1","Mollel","female",44,1,5,3,0,"none",1,0,0,0,1,1,0,0,NA,7,2,"never",15,"traditional",1,1,1,1,1,1,1,1,"rarely","sometimes","never",-1,-1,-1,-1,1,1,1,1,1,1,1,-1,1,1,2.93,1,3,2,10,0,"grass",0
82,1,0,"experience",1.2,1,"often","often",0,"south","assistant1","Liser","female",48,1,6,5,0,"none",1,0,0,0,1,1,0,0,NA,8,8,"never",20,"christian",1,-1,-1,1,1,1,-1,1,"often","often","sometimes",-1,-1,-1,-1,1,1,0,2,1,1,1,-1,1,1,12.15,1,5,12,32,0,"metal",1
83,1,0,"prestige",1.75,1.66666666666667,"often","often",0,"south","assistant1","Liser","male",64,1,3,2,1,"primary",1,0,0,0,1,1,0,0,NA,5,3,"never",28,"christian",1,1,-1,1,1,1,-1,1,"often","often","often",-1,-1,-1,-1,2,2,1,2,1,1,2,-1,1,2,5.3,2,10,3,14,7,"grass",0
84,1,0,"experience",1.2,3,"often","often",0,"south","assistant1","Mollel","female",31,2,3,NA,0,"none",1,0,0,0,1,1,0,0,NA,9,3,"never",11,"christian",1,1,1,1,1,1,-1,1,"often","often","very often",-1,-1,-1,-1,1,1,1,1,1,1,1,-1,1,1,4.67,2,7,4,8,0,"metal",1
85,0,1,"experience",1.4,1.5,"often","often",0,"north","assistant2","Liser","female",20,4,1,0,1,"primary",1,1,0,1,0,1,1,0,"cleaning",3,2,"never",NA,"christian",0,-1,0,1,1,1,1,1,"never","sometimes","never",1,2,-2,-2,1,-1,0,2,2,1,2,2,0,1,6.5,4,0,5,3,7,"grass",0
86,0,1,"experience",1.2,2,"sometimes","never",1,"north","assistant2","Sitayo","female",25,6,4,3,1,"primary",1,0,0,0,1,0,0,0,NA,4,2,"never",3,"christian",-1,-1,-1,1,1,1,1,1,"rarely","rarely","never",2,1,-2,2,1,0,2,2,2,1,1,2,-2,2,1.41,1,1,1,1,1,"grass",0
87,1,0,"experience",0.6,2.5,"sometimes","never",1,"north","assistant2","Lukumai","female",27,1,3,2,0,"none",1,0,0,0,1,0,0,0,NA,5,2,"never",5,"christian",-1,1,-1,1,1,1,0,1,"rarely","often","never",1,2,-1,0,2,2,2,1,2,2,2,1,0,1,4.33,1,3,4,5,5,"grass",0
88,0,1,"experience",1.2,1,"rarely","never",0,"north","assistant2","Mamasita","female",68,2,11,1,0,"none",1,0,0,1,1,0,0,0,NA,5,5,"never",6,"traditional",0,1,-1,1,0,1,0,0,"never","often","never",2,1,0,-2,2,0,1,2,-2,1,0,2,-2,-1,69.5,17,0,70,80,40,"grass",0
89,0,1,"experience",0.8,1.25,"sometimes","often",1,"north","assistant2","Patrimaro","female",65,3,10,5,0,"none",1,1,0,0,1,1,1,1,NA,5,4,"sometimes",NA,"christian",1,1,-1,1,1,1,0,1,"often","often","never",0,2,2,-2,2,-1,0,1,2,1,-1,2,-2,2,5.87,3,7,5,4,4,"grass",0
90,1,0,"experience",1.6,1.33333333333333,"sometimes","often",1,"north","assistant2","Keringishu","female",78,2,9,3,0,"none",1,0,0,0,1,1,1,1,NA,4,3,"never",6,"christian",0,1,0,1,1,1,1,1,"rarely","often","never",1,NA,-1,0,2,-2,1,0,2,2,0,NA,1,2,5.16,3,6,3,10,5,"grass",0
91,0,1,"experience",0.6,1.5,"sometimes","sometimes",1,"north","assistant2","Masangua","female",25,2,6,2,0,"none",1,0,0,1,1,0,0,0,NA,6,4,"never",5,"christian",1,-1,-1,1,0,1,0,-1,"sometimes","often","never",-1,-1,1,-2,2,0,1,2,2,0,1,2,-1,2,5.6,4,0,3,5,10,"grass",0
92,0,1,"experience",0.8,1.33333333333333,"sometimes","often",0,"north","assistant2","Inkidongi","male",32,1,2,2,0,"none",1,0,0,1,1,0,0,0,"watchman",4,3,"often",10,"christian",1,0,-1,1,1,1,1,1,"never","never","never",1,2,-2,-2,2,2,0,1,0,-2,1,1,-1,1,5.55,5,5,2,10,6,"grass",1
93,0,1,"experience",1.4,1.25,"sometimes","never",NA,"north","assistant2","Mukurere","male",45,1,4,2,0,"none",1,0,0,0,0,0,0,0,"sell medicine in town",5,4,"very often",NA,"traditional",1,-1,-1,1,1,1,1,1,"never","never","never",-2,1,-2,-2,2,1,0,1,1,1,0,2,2,1,0.7,0,0,0,4,3,"grass",0
94,NA,NA,NA,1.2,3.66666666666667,"rarely","often",0,"north","assistant2","Kiyuni","male",47,2,8,2,0,"none",1,0,1,0,1,0,0,0,NA,11,3,"sometimes",15,"christian",-1,0,0,1,1,1,1,1,"rarely","rarely","never",2,2,2,2,2,2,2,2,2,2,2,2,2,2,80.5,5,100,100,10,60,"grass",1
95,0,1,"experience",0.8,1.5,"rarely","sometimes",0,"north","assistant2","Maruma","male",23,1,1,0,1,"primary",1,0,0,0,1,0,0,0,NA,3,2,"rarely",6,"christian",1,0,0,1,1,1,1,1,"never","never","never",2,2,0,-2,0,-2,NA,NA,0,-1,-1,-1,-2,2,7.45,2,5,8,8,0,NA,0
96,0,1,"experience",0.75,1.33333333333333,NA,NA,0,"north","assistant2","Inkidongi","female",37,3,4,0,0,"none",1,0,0,0,1,1,0,0,NA,4,3,"never",18,"traditional",1,-1,0,1,1,-1,0,1,"never","never","never",2,1,-2,2,2,2,2,0,-1,0,2,0,-2,2,7.36,5,6,4,10,10,"grass",1
97,0,1,"experience",0.4,1.5,"sometimes","sometimes",0,"north","assistant2","Tatusero","male",39,4,6,1,0,"none",0,0,1,1,1,0,1,0,"sell medicine in town",6,4,"rarely",15,"christian",0,-1,-1,1,0,1,1,1,"often","rarely","never",2,1,0,2,2,1,0,-1,2,1,2,-2,0,1,96,7,0,85,150,180,"grass",1
98,1,0,"experience",1.2,1.4,"very often","never",0,"north","assistant2","Mollel","female",29,2,10,5,0,"none",1,1,0,1,1,1,1,0,"wash clothes",7,5,"often",9,"traditional",1,-1,0,1,1,1,0,0,"never","sometimes",NA,2,2,-2,-2,0,0,2,0,2,1,0,-1,-2,-1,17.82,20,2,8,7,15,"grass",0
99,0,1,"experience",1,1.75,"sometimes","often",1,"north","assistant2","Irmoingo","female",23,4,7,4,0,"none",1,0,0,0,1,1,1,0,NA,7,4,"never",7,"traditional",1,-1,0,-1,-1,1,1,1,"never","never","never",2,1,-2,0,-1,1,2,0,0,-1,0,2,0,-1,20.9,2,20,20,3,54,"grass",0
100,0,1,"experience",0.8,1,"often","sometimes",NA,"north","assistant2","Liser","female",23,1,0,0,0,"none",1,0,0,0,0,0,0,0,NA,2,2,"never",NA,"traditional",-1,1,1,1,1,1,1,1,"never","when in need","never",2,2,-1,1,2,2,2,1,1,0,1,-1,1,2,1.84,1,4,1,2,4,"grass",0
101,1,0,"experience",0.6,1.5,"sometimes",NA,NA,"north","assistant2","Patrimaro","male",41,3,7,4,0,"none",1,0,0,0,0,0,0,0,NA,6,4,"rarely",NA,"traditional",0,1,-1,1,1,0,0,0,"never","never","never",1,0,-2,1,2,1,2,1,2,1,-1,-1,2,1,82.6,0,250,100,1,100,"grass",0
102,0,1,"experience",0.8,2.5,"sometimes","sometimes",0,"north","assistant2","Mamasita","male",30,1,7,3,1,"primary",1,0,0,1,1,0,0,0,NA,5,2,"rarely",10,"christian",0,-1,-1,1,0,0,0,0,NA,NA,"never",2,1,1,0,2,1,2,1,1,2,0,-1,1,-2,32.52,1,2,40,30,10,"grass",0
103,0,1,"experience",0.6,1.66666666666667,"sometimes","sometimes",0,"north","assistant2","Sitayo","male",36,2,7,4,1,"primary",1,0,0,1,1,0,0,0,NA,5,3,"rarely",4,"christian",1,-1,-1,0,1,1,0,0,"never","rarely","never",2,2,1,1,2,1,2,1,2,2,0,0,1,1,17,3,0,16,15,28,"grass",0
104,0,1,"experience",0.8,1.5,"sometimes","never",0,"north","assistant2","Mollel","male",20,1,1,0,0,"none",1,0,0,0,1,0,0,0,NA,3,2,"rarely",2,"traditional",0,-1,1,0,1,-1,0,0,"never","never","never",2,1,1,2,1,0,0,-1,-1,-2,1,2,-1,0,1.3,0,0,1,5,1,"grass",0
105,0,1,"experience",0.8,1.25,"sometimes","often",NA,"north","assistant2","Pasingo","female",38,2,11,3,0,"none",0,0,0,0,0,0,0,0,NA,5,4,"never",NA,"christian",-1,-1,0,1,1,1,0,1,"rarely","sometimes","never",2,2,-1,-1,1,1,2,1,2,1,NA,1,NA,2,2.6,1,40,2,2,1,"grass",0
106,0,1,"prestige",0.8,1.25,"sometimes","never",NA,"north","assistant2","Irmakesen","male",72,4,15,8,0,"none",1,0,0,0,0,0,0,0,NA,5,4,"never",NA,"traditional",1,-1,-1,-1,1,1,-1,1,"never","sometimes","never",2,2,-2,2,1,0,0,1,0,0,1,-2,0,1,84.6,7,0,105,72,4,"grass",0
107,0,1,"prestige",1,1.66666666666667,"sometimes","sometimes",0,"north","assistant2","Mukurere","female",42,2,8,1,0,"none",1,0,0,0,1,0,0,0,NA,10,6,"never",25,"traditional",0,0,1,1,1,1,0,0,"never","sometimes",NA,2,2,1,-2,-2,0,0,1,2,1,2,1,NA,2,6.82,4,2,6,3,3,"grass",0
108,0,1,"prestige",1,1,"sometimes","never",NA,"north","assistant2","Liser","female",43,4,0,NA,0,"none",1,0,0,0,0,0,0,0,NA,2,2,"never",NA,"traditional",-1,0,-1,0,1,1,0,0,"never","sometimes","never",2,1,0,-2,0,0,2,0,1,1,2,0,1,2,12.9,5,0,12,11,9,"grass",0
109,0,1,"prestige",0.8,1.4,"sometimes","never",0,"north","assistant2","Inkidongi","female",74,7,8,2,0,"none",1,0,0,0,1,0,0,0,NA,7,5,"never",12,"christian",1,0,1,1,1,1,0,0,"never","sometimes","never",1,2,NA,NA,0,NA,0,1,2,NA,1,2,NA,1,5.21,2,1,5,4,3,"grass",0
110,0,1,"experience",0.8,1.33333333333333,"never","never",0,"north","assistant2","Irmoingo","male",80,7,40,72,0,"none",1,0,0,0,1,0,0,0,NA,100,75,"never",30,"traditional",-1,0,0,1,0,0,1,1,"never","often","never",2,2,-2,1,0,-2,2,0,0,0,1,0,-1,1,NA,NA,NA,NA,NA,NA,"grass",0
111,1,0,"experience",0.75,2,"sometimes","often",0,"north","assistant2","Maruma","female",34,1,6,2,0,"none",1,0,0,1,1,0,1,0,NA,4,2,"never",5,"christian",-1,-1,0,1,1,1,1,NA,"sometimes","often","never",2,2,-2,-1,2,-2,0,1,2,0,1,1,0,2,5.2,4,0,3,5,6,"grass",0
112,0,1,"experience",1.2,1.66666666666667,"rarely","never",0,"north","assistant2","Mollel","male",29,2,3,2,0,"none",1,0,0,1,1,0,0,0,"build houses for people",5,3,"sometimes",10,"christian",-1,1,-1,1,1,1,0,-1,NA,"never","never",2,0,-1,2,1,2,2,1,0,2,1,0,-1,2,15.8,8,0,15,9,4,"grass",0
113,0,1,"experience",0.8,1,"sometimes","never",0,"north","assistant2","Liser","female",50,12,12,0,0,"none",1,0,0,0,1,0,0,0,NA,4,4,"never",25,"christian",1,0,1,0,-1,-1,1,0,"never","sometimes","never",2,1,2,1,0,2,2,1,2,1,2,2,0,1,21.43,0,3,30,2,2,"grass",0
114,0,1,"experience",0.6,2.5,"often","sometimes",1,"north","assistant2","Irmoingo","female",24,1,4,2,1,"secondary",1,0,0,1,1,NA,0,1,"baby class",5,2,"rarely",3,"christian",1,1,1,1,1,1,1,1,"often","often","often",-2,-2,2,-2,2,2,1,1,1,2,1,-2,1,2,3.62,0,2,4,3,5,"grass",0
115,0,1,"experience",1.2,3.5,"often","never",0,"north","assistant2","Maruma","male",35,2,7,4,0,"none",1,0,0,0,1,1,0,0,NA,7,2,"never",7,"traditional",0,-1,0,1,1,1,1,1,"sometimes","when in need","never",-2,-1,-2,-1,2,1,0,2,1,1,1,2,-2,2,3.8,2,0,3,4,3,"grass",0
116,0,1,"experience",0.4,1,"rarely","often",0,"north","assistant2","Lukumai","female",68,6,9,5,0,"none",1,0,0,0,1,1,0,0,NA,5,5,"never",35,"christian",1,1,-1,1,1,1,1,1,"very often","often","never",1,2,-1,0,2,2,1,2,1,2,1,0,1,2,41.1,3,20,50,40,4,"grass",0
117,0,1,"experience",0.6,NA,"sometimes",NA,0,"north","assistant2","Mamasita","male",80,7,40,0,0,"none",1,0,0,0,1,0,0,0,NA,NA,NA,"never",45,"traditional",0,-1,NA,0,0,0,NA,0,"never","never","never",2,2,-1,1,1,0,2,0,0,0,1,2,0,2,NA,NA,0,95,82,78,"grass",0
118,0,1,"experience",1,1.5,"very often","often",1,"north","assistant2","Tatusero","male",52,1,5,2,0,"none",1,0,0,1,1,0,1,0,"transporting cows to market for cash",3,2,"often",4,"christian",0,1,-1,1,0,1,0,0,"never","sometimes","sometimes",2,1,0,1,2,2,1,1,2,2,1,1,1,2,NA,NA,NA,NA,NA,NA,NA,NA
119,0,1,"experience",0.8,1.5,"rarely",NA,1,"north","assistant2","Inkidongi","female",27,NA,1,1,0,"none",1,0,0,0,1,1,0,0,NA,3,2,"never",5,"traditional",1,1,0,1,1,1,1,1,"never","rarely","never",1,2,-2,-1,2,1,2,1,0,0,1,2,0,2,9.94,4,4,7,10,20,"grass",0
120,0,1,"experience",0.6,2.5,"sometimes","often",1,"north","assistant2","Inkidongi","male",27,1,1,0,0,"none",1,0,1,1,1,0,0,0,"caring for other peopleâ€™s livestock",5,2,"rarely",4,"traditional",0,-1,0,-1,1,1,0,-1,"never","never","never",2,2,2,-1,-2,1,2,-1,-2,-1,2,NA,1,2,1.4,2,0,0,4,0,"grass",0
121,0,1,"experience",0.75,2,"sometimes",NA,0,"north","assistant2","Irmoingo","male",24,0,0,0,0,"none",1,0,0,0,1,0,0,0,NA,2,1,"very often",17,"christian",1,1,-1,1,1,1,0,0,"never","never","never",2,2,-1,1,1,2,2,1,2,2,1,2,1,0,185.5,12,0,75,750,520,"grass",1
122,0,1,"experience",0.8,1.33333333333333,"sometimes","sometimes",0,"north","assistant2","Lukumai","male",29,2,5,4,1,"primary",1,0,0,1,1,1,1,0,NA,4,3,"very often",10,"traditional",1,1,-1,1,0,1,0,1,"never",NA,"never",2,2,1,2,0,NA,-1,-1,-1,0,-2,2,0,1,2.9,0,0,2,5,10,"grass",0
123,0,1,"experience",0.8,NA,"sometimes",NA,1,"north","assistant2","Laitayok","female",30,3,7,3,0,"none",1,0,0,0,1,0,0,0,NA,9,NA,"never",3,"christian",0,-1,-1,1,1,1,1,1,"often","sometimes","never",2,1,-2,2,2,-1,2,0,NA,1,2,0,NA,2,83.4,10,40,100,40,40,"grass",0
124,0,1,"prestige",1,3.5,"sometimes","sometimes",1,"north","assistant2","Irmoingo","male",24,2,5,2,1,"secondary",1,0,0,0,1,0,0,0,NA,7,2,"rarely",4,"christian",1,1,-1,0,1,1,0,0,"rarely","sometimes","never",2,2,1,0,1,1,2,1,2,0,1,0,0,1,63,7,0,76,48,15,"grass",0
125,NA,NA,NA,0.25,1.5,"sometimes","never",NA,"north","assistant2","Mollel","male",26,1,1,0,0,"none",1,0,0,0,0,0,0,0,NA,3,2,"never",NA,"traditional",0,1,-1,NA,1,1,0,0,"never","never","never",1,2,-1,-1,1,-1,0,1,-1,2,1,2,2,1,4.8,1,0,3,16,6,"grass",0
126,0,1,"experience",1,1,"often",NA,NA,"north","assistant2","Lukumai","female",80,5,12,5,0,"none",1,0,0,0,0,0,0,1,NA,7,7,"never",NA,"traditional",-1,0,-1,1,1,1,1,1,"never","sometimes","never",2,2,-2,1,2,0,2,NA,1,2,0,1,0,1,NA,20,50,200,NA,45,"grass",0
127,0.5,1,"prestige",1.2,1.5,"sometimes","never",0,"north","assistant2","Mukurere","male",28,0,0,0,0,"none",1,0,0,0,1,0,0,0,NA,3,2,"never",NA,"christian",1,0,-1,1,1,1,1,1,"never","sometimes","never",2,1,0,-1,1,1,1,2,0,-1,1,0,-1,2,124.8,17,0,150,85,28,"grass",0
128,0,1,"prestige",0.8,1.75,"sometimes","often",NA,"north","assistant2","Inkidongi","male",36,4,6,4,0,"none",1,0,0,0,0,0,0,0,NA,7,4,"sometimes",NA,"christian",0,0,0,1,0,1,0,0,"never","never","never",2,1,-1,0,2,-2,2,0,0,0,1,2,1,2,23.7,10,0,25,2,10,"grass",0
129,0,1,"prestige",0.8,2.25,"often","never",NA,"north","assistant2","Mollel","male",32,3,11,5,0,"none",1,0,0,0,0,0,0,0,NA,9,4,"never",NA,"christian",1,-1,1,0,0,1,0,0,"never","never","never",2,2,-2,1,2,1,2,1,0,0,1,-2,0,1,136,56,0,100,230,150,"grass",1
130,0,1,"experience",1,1.6,"rarely","never",0,"north","assistant2","Irmakuperia","male",75,8,40,0,0,"none",1,0,0,0,1,1,0,0,"borrowed cash from my parents",32,20,"sometimes",15,"traditional",0,-1,0,1,1,1,0,-1,"never","sometimes","never",-1,1,-2,2,2,1,2,0,0,0,2,1,0,2,NA,88,0,80,NA,100,"grass",1
131,0,1,"experience",0.8,2,"very often","sometimes",NA,"north","assistant2","Irmoingo","male",30,2,3,2,0,"none",1,0,0,0,0,0,1,0,NA,6,3,"never",NA,"traditional",1,1,-1,0,0,1,0,0,"often","sometimes","never",1,0,0,1,1,2,1,2,0,NA,1,2,0,2,NA,3,0,14,NA,20,"grass",0
132,0,1,"experience",0.8,1.2,"very often","never",1,"north","assistant2","Laitayok","female",65,4,4,4,0,"none",1,0,0,0,1,1,1,0,NA,6,5,"often",10,"christian",1,1,-1,1,0,1,0,0,"never","never","never",2,1,2,1,2,1,2,0,2,0,1,0,1,0,8.6,4,10,5,10,20,"grass",0
133,0,1,"experience",0.8,2.33333333333333,"often","often",1,"north","assistant2","Laitayok","male",52,2,4,3,0,"none",1,1,0,0,1,1,1,0,NA,7,3,"sometimes",10,"christian",1,0,0,1,1,1,0,0,"never","never","never",2,1,2,0,1,0,2,1,2,1,2,1,2,1,3.95,2,5,2,5,10,"grass",0
134,0,1,"experience",0.8,1.4,"rarely","sometimes",NA,"north","assistant2","Liser","male",50,4,11,2,0,"none",1,0,0,0,0,0,1,0,NA,14,10,"never",NA,"traditional",1,0,-1,1,1,0,0,0,"never","never","never",1,1,0,1,2,2,2,2,1,1,2,2,1,2,7.7,4,0,6,5,10,"grass",0
135,NA,1,"experience",1,2.5,"often","often",0,"north","assistant2","Irmoingo","male",32,1,2,0,1,"primary",1,0,0,0,1,0,0,0,NA,5,2,NA,32,"christian",1,0,-1,1,1,1,1,1,"rarely","sometimes","never",1,1,-1,1,1,1,1,1,1,1,1,1,-1,1,770.55,1,5,1000,200,500,"grass",0
136,NA,1,"experience",0.8,1.875,"often","often",1,"north","assistant2","Mollel","male",68,2,12,8,1,"primary",1,0,0,0,1,0,0,0,NA,15,8,"never",20,"traditional",-1,1,-1,1,1,1,-1,0,"never","never","never",1,1,-1,1,-1,1,1,-1,-1,1,1,1,-1,1,36.1,6,10,30,100,20,"grass",0
137,NA,NA,NA,1,3,NA,"often",0,"north","assistant2","Lukumai","male",37,1,4,1,1,"primary",1,0,0,1,1,1,0,0,NA,6,2,NA,3,"traditional",1,1,0,1,1,1,1,1,"never","often","never",1,1,-1,-1,1,1,-1,1,1,-1,1,1,-1,1,7.3,2,0,6,15,6,"grass",0
138,0,1,"experience",1.4,1.25,"sometimes","never",1,"north","assistant2","Inkidongi","male",68,2,7,4,0,"primary",1,1,0,1,1,0,0,1,"sell cattle",5,4,"sometimes",3,"christian",-1,-1,-1,1,1,1,1,NA,"rarely","sometimes","never",2,2,-1,2,1,2,2,2,2,2,1,-1,2,2,11.4,3,10,4,40,30,"grass",0
139,0.5,1,"experience",1.4,3.33333333333333,"very often","often",0,"north","assistant2","Mukurere","male",55,1,8,7,0,NA,1,0,0,1,1,1,0,0,"sells shoes",10,3,"rarely",36,"christian",1,0,0,1,1,1,1,1,"rarely","when in need","never",2,2,-2,-2,2,-2,2,2,2,0,2,-2,0,2,20.6,3,0,15,47,39,"grass",1
140,0,1,"experience",1,1.625,"sometimes","sometimes",NA,"north","assistant2","Irmakuperia","male",80,9,37,27,0,"none",1,0,0,0,0,0,0,0,NA,52,32,"never",25,"traditional",-1,1,-1,1,0,1,0,0,"never","sometimes","never",1,1,-1,0,2,1,1,2,NA,0,1,0,NA,0,59,10,0,70,30,20,"grass",0
141,0,1,"experience",0.6,2.66666666666667,"sometimes","sometimes",0,"north","assistant2","Irmoingo","male",42,2,5,2,0,"none",1,0,0,0,1,0,0,0,NA,8,3,"sometimes",7,"christian",1,0,-1,1,1,1,0,0,"never","sometimes",NA,2,2,-1,1,2,2,1,1,2,0,1,0,1,2,7.3,3,0,7,4,5,"grass",0
142,0,1,"prestige",1,1.4,"rarely","often",1,"north","assistant2","Irmoingo","female",69,7,7,2,0,"none",1,0,0,0,1,0,0,0,NA,7,5,"never",7,"traditional",1,1,-1,1,1,1,1,1,"never","never","never",2,1,0,1,2,1,0,1,1,2,2,1,1,2,11.9,5,0,8,32,6,"grass",0
143,0,1,"prestige",1,2.14285714285714,"sometimes","sometimes",NA,"north","assistant2","Mukurere","male",32,4,11,0,0,"none",1,0,0,1,0,1,1,0,"own a machine and sell maize flour",15,7,"never",NA,"traditional",0,0,-1,1,0,0,0,0,"never","never","never",2,1,0,-1,2,2,1,2,0,0,1,0,1,2,140.3,92,0,100,165,78,"grass",1
144,0,1,"experience",1.4,2.5,"often","sometimes",0,"north","assistant2","Masangua","male",30,1,3,2,0,"none",1,0,0,0,1,0,0,0,NA,5,2,"never",8,"traditional",1,0,0,0,1,1,0,0,"never","never","never",2,2,1,2,1,1,2,1,2,1,2,1,2,1,7.3,3,0,7,4,5,"grass",0
145,0,1,"prestige",0.8,1.05,"sometimes","never",1,"north","assistant2","Mamasita","male",80,12,40,0,0,"none",1,0,0,0,1,0,0,0,NA,105,100,"never",48,"traditional",1,-1,-1,1,0,1,0,0,"never","never",NA,2,1,-1,1,2,0,-1,0,0,1,0,2,2,1,15.2,7,0,15,3,9,"grass",0
146,0,1,"experience",0.8,2.5,"sometimes","sometimes",1,"north","assistant2","Isekere","female",20,1,10,3,0,"none",1,0,0,0,1,1,0,0,NA,10,4,"never",6,"christian",1,-1,-1,1,1,1,1,1,"sometimes","sometimes","never",2,2,-2,-2,2,0,2,2,1,1,2,0,1,2,6.19,2,9,5,10,6,"grass",1
147,0,1,"experience",0.75,1.4,"sometimes","sometimes",1,"north","assistant2","Irmoingo","female",32,2,9,9,0,"none",1,1,0,0,1,1,1,0,NA,7,5,"never",8,"christian",1,-1,0,1,1,NA,NA,NA,NA,NA,NA,2,1,-2,2,1,0,0,1,2,-1,2,0,2,1,NA,4,3,NA,10,NA,NA,1
148,0,1,"prestige",0.8,2.5,"sometimes","sometimes",NA,"north","assistant2","Mollel","female",26,1,3,2,0,"none",1,0,0,0,0,0,0,0,NA,5,2,"never",NA,"christian",1,0,-1,1,0,1,0,0,"never","never","never",2,0,-1,-2,-1,0,1,-2,1,2,1,2,1,0,71.4,7,0,72,85,90,"grass",0
149,0,1,"experience",1,3.5,"sometimes","sometimes",0,"north","assistant2","Liser","female",32,4,5,3,0,"none",1,0,0,0,1,0,0,0,NA,7,2,"never",2,"traditional",1,1,-1,1,0,1,0,0,"never","never","never",0,-2,-1,0,0,-1,-2,0,2,1,0,1,0,0,9.4,3,0,10,4,5,"grass",0
150,0,1,"experience",1.2,1.5,"rarely","sometimes",NA,"north","assistant2","Laitayok","female",30,2,1,0,0,"none",1,0,0,0,1,0,0,0,NA,3,2,"never",5,"traditional",1,-1,0,1,1,-1,0,0,"never","never","never",2,1,2,1,2,2,2,2,1,1,2,2,NA,2,NA,2,4,NA,3,NA,"grass",0
151,0,1,"experience",0.75,1.66666666666667,"sometimes","sometimes",0,"north","assistant2","Liser","male",33,2,6,4,0,"none",1,0,0,0,1,0,0,0,NA,5,3,"often",5,"traditional",-1,-1,-1,-1,0,0,0,0,"never",NA,"never",2,2,2,-1,2,1,0,2,1,0,0,NA,2,1,18.2,12,0,13,11,20,"grass",0
152,0,1,"prestige",0.8,1.8,"sometimes","sometimes",0,"north","assistant2","Pasingo","female",36,3,7,4,0,"none",1,0,0,0,1,1,0,0,NA,9,5,"never",5,"traditional",1,0,-1,1,1,1,0,0,"never","never","never",2,0,-1,2,1,2,0,2,2,0,1,-1,0,1,77.7,15,0,86,75,25,"grass",0
153,0,1,"prestige",1,2.5,"sometimes","sometimes",0,"north","assistant2","Inkidongi","female",23,2,3,2,1,"primary",1,0,0,0,1,1,0,0,NA,5,2,"never",5,"traditional",0,-1,1,0,0,1,0,0,"never","never","never",2,1,2,1,2,1,2,0,0,1,0,2,0,1,7.3,3,0,7,4,5,"grass",0
154,0,1,"prestige",1,2.33333333333333,"sometimes","sometimes",0,"north","assistant2","Maruma","male",36,2,5,3,0,"none",1,0,0,1,1,1,1,0,NA,7,3,"sometimes",12,"traditional",1,1,0,-1,1,1,0,0,"never","never","never",2,0,1,2,0,2,-1,2,1,0,1,2,1,0,29.2,10,0,30,20,12,"grass",0
155,0,1,"prestige",0.8,1.5,"very often","sometimes",NA,"north","assistant2","Masangua","female",50,2,10,6,0,"none",1,0,0,0,1,0,0,0,NA,12,8,"never",14,NA,1,1,-1,1,1,1,0,0,"never","never","never",2,1,2,2,1,NA,0,-1,-2,0,-1,2,-1,0,16.7,8,0,15,10,12,"grass",0
156,0,1,"experience",1,1.66666666666667,"sometimes","sometimes",0,"north","assistant2","Laitayok","female",40,1,3,1,0,"none",1,0,0,0,1,1,1,0,NA,5,3,"never",15,"christian",1,0,1,-1,1,1,0,0,"never","never","never",2,1,-1,-2,0,2,1,2,1,NA,-1,0,-1,1,14.55,7,5,13,9,10,"grass",1
157,0,1,"prestige",1,2.66666666666667,"sometimes","never",0,"north","assistant2","Mollel","male",35,2,5,3,0,"none",1,0,0,1,1,0,1,0,NA,8,3,"rarely",7,"christian",1,0,0,0,-1,NA,NA,NA,NA,NA,NA,2,1,2,0,2,1,2,0,NA,-2,-1,0,-1,1,12.2,7,0,10,8,9,"grass",0
158,0,1,"experience",1,2.5,"sometimes","sometimes",NA,"north","assistant2","Liser","male",30,1,3,1,0,"none",1,0,0,1,0,0,0,0,NA,5,2,"never",NA,"traditional",-1,0,-1,1,1,1,0,0,"never","never","never",1,2,-1,1,0,1,2,-2,0,2,1,2,0,-2,159.73,8,13,200,100,56,"grass",1
159,0,1,"experience",1,2,"sometimes","sometimes",0,"north","assistant2","Inkidongi","male",35,4,10,3,0,"none",1,1,1,1,1,0,0,0,NA,6,3,"sometimes",10,"traditional",1,0,0,1,1,1,1,1,"never","often","often",2,1,-2,-2,1,-1,2,1,0,0,1,-1,0,-1,0.7,1,0,0,2,0,"grass",0
160,0,1,"experience",0.8,2,"rarely","sometimes",0,"north","assistant2","Keringishu","male",38,1,5,3,0,"none",1,0,0,0,1,0,0,0,NA,4,2,"sometimes",15,"traditional",1,-1,0,1,1,1,0,0,"never","never","never",2,1,0,2,0,0,-1,-1,1,1,2,1,2,1,77.1,11,0,78,80,90,"grass",NA
161,0,1,"experience",1,2.33333333333333,"sometimes","sometimes",0,"north","assistant2","Lukumai","male",32,2,5,2,0,"none",1,0,0,0,1,0,0,0,NA,7,3,"often",16,"traditional",1,-1,-1,1,1,1,0,0,"never","never","never",2,2,-1,-1,2,1,2,1,0,0,2,-2,0,-1,17.6,3,0,20,4,17,"grass",0
162,0,1,"prestige",1,2.5,"sometimes","often",0,"north","assistant2","Mukurere","male",32,1,3,0,0,"none",1,0,0,0,1,0,0,0,NA,5,2,"rarely",8,"christian",1,1,0,1,1,1,0,0,"never","never","never",1,2,-2,-2,2,0,0,1,2,0,-2,0,-1,2,8.15,4,5,3,20,20,"grass",0
163,1,0,"prestige",0.8,1,"sometimes","sometimes",NA,"north","assistant2","Irmoingo","male",28,0,0,NA,0,"none",1,0,0,0,0,0,0,0,NA,1,1,"never",NA,"traditional",1,0,0,-1,1,1,0,0,"never","never","never",2,1,0,1,0,2,-1,1,2,0,1,2,1,0,3.3,2,0,2,5,4,"grass",0
164,0,1,"prestige",1,2.25,"often","never",NA,"north","assistant2","Laitayok","female",52,4,22,12,0,"none",1,0,0,0,0,0,0,0,NA,18,8,"never",NA,NA,1,1,0,1,1,1,0,0,"never","never","never",1,0,-2,0,0,-2,1,0,1,-1,0,1,2,1,16.2,5,0,15,10,22,"grass",0
165,1,0,"prestige",1,1.66666666666667,"sometimes","sometimes",NA,"north","assistant2","Irmakesen","male",50,2,8,5,0,"none",1,0,0,1,0,1,1,0,NA,5,3,"never",NA,NA,1,-1,0,1,0,1,1,1,"sometimes","sometimes","never",2,1,0,1,2,-1,1,2,1,0,-1,2,-2,2,NA,5,0,12,8,NA,"grass",0
166,0,1,"prestige",1,2.5,"sometimes","sometimes",0,"north","assistant2","Mamasita","female",22,3,3,2,0,"none",1,0,0,0,1,0,0,0,NA,5,2,"sometimes",12,"traditional",1,-1,0,1,1,1,0,0,"never","never","never",2,1,1,-1,0,-2,0,1,0,1,2,0,-1,-1,17.5,10,10,15,7,12,"grass",0
167,0,1,"prestige",1.4,2,"sometimes","never",NA,"north","assistant2","Liser","female",45,3,4,3,0,"none",1,0,0,0,0,0,0,0,NA,6,3,"never",NA,"traditional",1,0,1,-1,1,1,0,0,"never","never","never",2,1,-1,2,0,1,2,0,2,-2,2,-1,0,2,45.6,13,0,32,152,15,"grass",0
168,1,0,"prestige",0.5,1.33333333333333,"sometimes","never",NA,"north","assistant2","Patrimaro","male",72,4,11,6,0,"none",1,0,0,0,0,0,0,0,NA,16,12,"never",NA,NA,1,0,0,1,-1,1,0,0,"never","never","never",2,0,-2,0,2,1,-1,0,0,-1,0,1,2,1,73,8,0,80,30,100,"grass",0
169,1,0,"prestige",0.8,2,"sometimes","sometimes",0,"north","assistant2","Liser","male",38,1,2,2,0,"none",1,0,0,0,1,1,1,0,NA,4,2,"never",20,"traditional",1,0,0,NA,1,1,0,0,"never","never","never",2,1,0,1,2,1,0,2,0,2,1,0,-1,-2,2.5,0,0,3,2,2,"grass",0
170,0,1,"prestige",0.8,1,"sometimes","sometimes",0,"north","assistant2","Laitayok","female",42,2,1,0,0,"none",1,0,0,0,1,0,0,0,NA,3,3,"never",3,"traditional",1,NA,-1,1,0,1,0,0,"never","never","never",1,2,1,0,-1,-2,0,2,2,-1,0,2,1,0,64.03,7,13,67,35,100,"grass",0
171,0,1,"prestige",0.8,3,"sometimes","often",0,"north","assistant2","Mamasita","female",24,2,5,0,0,"none",1,0,0,0,1,0,0,0,NA,6,2,"never",8,"christian",1,1,-1,1,1,1,0,0,"rarely","sometimes","sometimes",2,1,NA,0,-1,1,-1,0,2,0,1,0,2,1,7.8,3,0,7,6,8,"grass",0
172,1,0,"prestige",0.8,1.33333333333333,"sometimes","often",0,"north","assistant2","Lukumai","female",43,2,9,2,0,"none",1,0,0,0,1,0,0,0,NA,8,6,"never",7,"christian",1,0,0,-1,1,1,0,0,"never","never","never",2,0,2,1,0,2,0,-1,-2,0,-2,0,-1,0,10.4,3,0,10,7,12,"grass",0
173,0,1,"prestige",1.2,4.5,"sometimes","never",0,"north","assistant2","Mollel","female",80,7,7,2,0,"none",1,0,0,0,1,0,0,0,NA,9,2,"never",18,"traditional",1,-1,-1,0,0,1,0,0,"never","never","never",2,2,-1,1,0,1,0,2,0,1,0,2,0,-1,4,2,0,3,5,4,"grass",0
174,0,1,"prestige",1,2,"sometimes","sometimes",0,"north","assistant2","Mamasita","female",28,1,3,0,0,"none",1,0,0,0,1,0,0,0,NA,4,2,"never",9,"traditional",1,0,0,1,1,1,1,1,"never","never","never",2,1,2,0,1,0,0,2,-1,2,0,1,2,0,248.5,10,0,320,75,120,"grass",0
175,0,1,"prestige",1,1.5,"sometimes","never",NA,"north","assistant2","Irmoingo","female",25,1,1,0,0,"none",1,0,0,0,0,0,0,0,NA,3,2,"never",NA,"traditional",1,-1,1,1,1,1,0,0,"never","never","never",2,1,-1,2,0,-1,2,-1,0,2,1,2,2,1,9.3,3,0,10,3,5,"grass",0
176,0,1,"prestige",1,3.33333333333333,"rarely","sometimes",0,"north","assistant2","Irmakuperia","male",23,2,7,5,1,"primary",1,0,0,0,1,0,0,0,NA,10,3,"sometimes",10,"traditional",1,0,0,1,0,1,0,0,"never","never","never",2,2,1,0,2,1,-1,2,1,1,2,-2,2,1,NA,75,15,700,100,NA,"grass",1
177,0,1,"prestige",1,1,"sometimes","never",NA,"north","assistant2","Parasapuko","female",72,5,7,0,0,"none",1,0,0,0,0,0,0,0,NA,9,9,"never",NA,"traditional",1,0,-1,1,0,1,0,0,"never","never","never",2,0,-2,1,2,1,2,-1,1,2,0,1,2,1,27.12,5,12,30,15,20,"grass",1
178,0,1,"prestige",0.75,3,"sometimes","often",NA,"north","assistant2","Parasapuko","male",35,2,7,4,0,"none",1,0,0,0,1,0,0,0,NA,12,4,"rarely",15,"traditional",1,0,1,1,-1,1,0,0,"never","never","never",2,1,-2,0,0,2,0,2,0,1,2,2,1,1,6.6,3,0,6,5,4,"grass",0
179,0,1,"prestige",0.8,NA,"sometimes","never",NA,"north","assistant2","Irmakuperia","male",69,5,21,0,0,"none",1,0,0,0,0,0,0,0,NA,NA,12,"never",NA,"traditional",1,0,-1,1,1,1,0,0,"never","never","never",2,1,1,0,-1,1,0,-1,-2,0,1,2,1,2,92.45,10,15,120,20,13,"grass",1
180,0,1,"prestige",1,1.41666666666667,"often","never",0,"north","assistant2",NA,"male",78,4,17,10,0,"none",1,0,0,0,1,0,0,0,NA,17,12,"never",12,"traditional",1,-1,0,1,1,1,0,0,"never","never","never",2,-2,-1,0,-2,0,-1,1,-1,0,-2,-1,-1,0,26.5,5,0,30,20,10,"grass",0
181,0,1,"prestige",1,3,"sometimes","sometimes",NA,"north","assistant2","Mollel","male",33,2,8,0,0,"none",1,0,0,0,0,0,1,0,NA,9,3,"often",NA,NA,1,-1,1,0,0,1,0,0,"never","never","never",2,1,2,0,-2,-1,0,1,1,2,1,0,-1,1,10.5,5,0,10,4,6,"grass",0
182,0,1,"prestige",0.75,1.5,"sometimes","never",NA,"north","assistant2","Irmoingo","female",28,2,1,0,0,"none",1,0,0,0,0,0,0,0,NA,3,2,"never",NA,"christian",1,1,0,0,1,1,0,0,"never","never","never",2,1,2,2,-1,-1,-1,-1,0,0,1,2,2,2,8.6,2,0,10,2,4,"grass",0
183,0,1,"prestige",0.5,1.5,"sometimes","sometimes",NA,"north","assistant2","Mukurere","female",27,1,1,0,0,"none",1,0,0,0,0,0,0,0,NA,3,2,"never",NA,"traditional",1,1,0,1,1,1,0,0,"never","never","never",2,0,-2,0,1,2,0,1,2,-1,-1,-1,0,0,27.98,5,8,32,12,18,"grass",0
184,NA,NA,NA,1,3.5,"sometimes","never",NA,"north","assistant2","Inkidongi","female",38,NA,4,1,0,"none",1,0,0,0,0,0,0,0,NA,7,2,"never",NA,NA,1,0,0,1,1,1,0,0,"never","never","never",2,1,-1,2,1,2,1,2,0,0,-2,0,1,2,41.8,7,0,50,15,18,"grass",0
185,NA,NA,NA,0.8,2.5,"sometimes",NA,NA,"north","assistant2","Mamasita","female",30,1,3,2,0,"none",1,0,0,0,0,0,0,0,NA,5,2,"never",NA,NA,NA,NA,NA,NA,NA,1,0,0,"never","never","never",1,2,-1,0,0,-1,0,2,2,-1,-2,0,1,2,9.7,5,0,8,6,10,"grass",0
186,0,1,"prestige",0.8,1.16666666666667,"often","sometimes",0,"north","assistant2","Inkidongi","male",67,1,5,3,0,"none",1,0,0,0,1,0,0,0,NA,7,6,"never",32,"christian",1,1,-1,1,1,1,0,0,"never","never","never",2,0,-1,2,1,2,0,2,1,0,0,-1,-2,0,136,8,0,150,140,130,"grass",0
187,0,1,"prestige",1,2.5,"sometimes","sometimes",0,"north","assistant2","Laitayok","male",48,1,3,2,0,"none",1,0,0,1,1,0,1,0,"building fences",5,2,"sometimes",26,"christian",1,0,0,1,1,1,-1,0,"never","never","never",2,1,0,1,2,NA,0,2,-1,0,1,2,1,2,11.6,7,0,9,8,10,"grass",0
188,0,1,"prestige",1,1.5,"sometimes","never",NA,"north","assistant2","Irmoingo","female",26,1,1,0,0,"none",1,0,0,0,0,0,0,0,NA,3,2,"never",NA,"traditional",1,0,0,1,1,1,0,0,"never","never","never",2,2,-1,0,-1,0,1,2,2,2,0,1,2,1,204.5,72,0,145,350,320,"grass",1
189,0,1,"prestige",1.2,1.16666666666667,"often","sometimes",0,"north","assistant2","Mamasita","female",46,3,7,3,0,"none",1,0,0,0,1,0,0,0,NA,7,6,"rarely",26,"christian",1,1,-1,-1,1,1,0,0,"never","never","never",2,1,2,1,0,1,2,-1,0,-1,-1,-1,0,1,8.8,5,0,7,6,8,"grass",0
190,0,1,"prestige",1,3.5,"rarely",NA,0,"north","assistant2","Mamasita","female",32,3,5,3,0,"none",1,0,0,0,1,0,0,0,NA,7,2,"never",7,"christian",1,0,0,1,1,1,0,0,"never","sometimes","never",0,1,2,-1,2,1,2,NA,0,1,2,0,-1,-2,179.17,35,17,195,130,120,"grass",1
191,1,0,"prestige",1,4.5,"sometimes","sometimes",0,"north","assistant2","Inkidongi","female",45,2,7,4,0,"none",1,0,0,0,1,0,0,0,NA,9,2,"never",20,"traditional",1,0,-1,1,1,1,1,1,"sometimes","sometimes","never",2,1,0,-1,2,1,0,2,0,2,0,-1,1,2,87.73,18,13,88,75,95,"grass",1
192,0,1,"prestige",1,2,"sometimes","sometimes",0,"north","assistant2","Sitayo","female",29,3,3,0,0,"none",1,0,0,0,1,0,0,0,NA,4,2,"never",17,NA,1,0,-1,1,0,1,0,0,"never","never","never",2,1,-2,0,1,2,0,1,2,-1,2,-1,0,2,124,12,0,150,35,95,"grass",0
193,0,1,"prestige",1,2.66666666666667,"rarely","often",NA,"north","assistant2","Inkidongi","female",37,2,6,4,0,"none",1,0,0,0,0,0,0,0,NA,8,3,"never",NA,"traditional",1,0,0,1,1,0,0,0,"never","never","never",1,2,-1,2,-1,2,2,0,1,2,0,2,0,1,12.11,0,1,12,30,7,"grass",1
194,0,1,"prestige",1,5.5,NA,"sometimes",0,"north","assistant2","Mamasita","female",68,1,11,3,0,"none",1,0,0,0,1,0,0,0,NA,11,2,"never",18,"christian",1,0,0,1,1,0,0,0,"never","never","never",2,2,-1,1,1,2,2,0,0,0,2,2,1,0,7.7,7,0,5,3,4,"grass",0
195,0,1,"prestige",0.6,2.25,"sometimes","sometimes",NA,"north","assistant2","Irmoingo","female",32,2,7,4,0,"none",1,0,0,0,0,0,0,0,NA,9,4,"never",15,"christian",1,0,0,1,1,1,1,1,"rarely","sometimes","never",2,2,2,1,1,0,-1,2,2,0,0,2,1,NA,2.82,0,12,3,4,2,"grass",1
196,0,1,"prestige",0.6,2,"often","sometimes",0,"north","assistant2","Mamasita","female",47,5,6,4,0,"none",1,0,0,0,1,0,0,0,NA,8,4,"never",8,"traditional",0,-1,0,1,-1,1,1,1,"never","never","never",2,1,2,1,2,1,2,1,2,1,2,1,2,1,36.9,7,0,45,9,10,"grass",0
197,0,1,"prestige",1,2,"sometimes","never",0,"north","assistant2","Sitayo","male",35,1,2,0,0,"none",1,0,0,0,1,0,0,0,NA,4,2,"never",3,"traditional",1,1,0,1,0,1,0,0,"never","never","never",2,1,2,1,2,0,1,2,1,2,1,2,1,2,77.5,2,0,100,35,30,"grass",0
198,0,1,"prestige",1,2,"sometimes","sometimes",0,"north","assistant2","Liser","male",32,1,2,0,1,"primary",1,0,0,0,1,0,1,0,NA,4,2,"rarely",10,"traditional",0,-1,1,0,0,1,0,0,"never","never","never",2,0,-2,0,1,2,0,2,1,2,1,2,1,2,46.7,10,0,50,47,20,"grass",0
199,0,1,"prestige",1,2,"often","sometimes",0,"north","assistant2","Irmoingo","male",42,1,4,2,0,"none",1,0,0,0,1,0,0,0,NA,4,2,"sometimes",NA,"traditional",1,0,0,1,1,1,0,0,"never","never","never",2,1,2,1,2,1,2,1,2,1,2,1,2,1,20.5,5,0,20,30,10,"grass",0
200,0,1,"prestige",0.8,2.66666666666667,"often","never",NA,"north","assistant2","Irmakuperia","female",48,3,7,4,0,"none",1,0,0,0,1,0,0,0,NA,8,3,"never",15,"christian",1,1,-1,1,0,1,0,0,"never","never","never",2,1,NA,0,2,1,0,1,2,0,1,2,0,1,8.3,3,0,8,5,7,"grass",0
201,0,1,"prestige",1,2.33333333333333,"often","never",0,"north","assistant2","Mamasita","male",32,1,5,2,0,"none",1,0,0,0,1,0,0,0,NA,7,3,"sometimes",15,"traditional",1,0,-1,1,0,1,0,0,"never","never","never",2,2,-2,-1,0,2,-1,1,0,2,1,2,1,2,88.7,7,0,100,80,72,"grass",0
202,0,1,"prestige",0.8,2.33333333333333,"often","never",1,"north","assistant2","Mollel","female",80,7,7,2,0,"none",1,0,0,0,1,0,0,0,NA,7,3,"never",32,"traditional",0,1,-1,0,1,1,0,0,"never","never","never",2,2,1,1,2,1,2,1,2,1,2,1,2,1,11.7,10,0,5,20,12,"grass",0
203,0,1,"prestige",1.2,2,"often","never",0,"north","assistant2","Mamasita","male",34,2,8,5,0,"none",1,0,0,0,1,0,0,0,NA,10,5,"often",15,"christian",1,1,-1,1,1,1,1,1,"never","never","never",2,1,2,1,1,2,1,2,1,2,1,2,0,1,86.9,9,0,90,82,112,"grass",0
204,0,1,"prestige",1.2,2,"very often","sometimes",NA,"north","assistant2","Inkidongi","male",35,2,3,2,0,"none",1,0,0,0,0,0,1,0,"sell cattle",6,3,"very often",NA,"traditional",0,-1,0,1,1,1,0,0,"never","never","never",1,0,-1,-1,2,0,-2,2,0,1,1,2,0,1,9.1,5,10,5,20,10,"grass",0
205,0,1,"experience",1,1,"sometimes",NA,0,"north","assistant2","Laitayok","female",45,2,5,3,0,"none",1,1,0,0,1,0,1,0,NA,2,2,"never",15,"traditional",0,0,-1,1,1,1,1,1,"never","never","never",0,2,-2,0,2,0,NA,1,1,0,1,-1,0,1,20.6,5,0,8,75,50,"grass",0
206,0,1,"experience",1,1,"rarely","never",1,"north","assistant2","Irmoingo","male",24,0,0,NA,0,"none",1,0,0,0,1,0,0,0,NA,1,1,"sometimes",4,"christian",1,1,-1,1,1,1,1,1,"often","often","never",2,2,-2,1,2,0,2,2,1,0,1,2,0,2,10.5,4,0,10,10,5,"grass",0
207,0,1,"experience",1.2,4,"often","often",1,"north","assistant2","Irmoingo","male",32,1,6,4,1,"primary",1,0,0,1,1,1,1,0,"selling goats in market",8,2,"often",13,"christian",1,-1,-1,1,1,1,1,1,"often","often","never",-2,1,-2,-2,1,2,0,2,1,2,2,1,-2,1,4.52,2,2,4,4,3,"grass",0
208,0,1,"experience",1.2,1,"often","never",NA,"north","assistant2","Mamasita","female",69,5,4,3,0,"none",1,0,0,0,0,0,0,0,NA,6,6,"never",NA,NA,-1,-1,-1,-1,-1,-1,-1,-1,"never","never","never",0,-1,-1,0,2,1,NA,NA,1,1,-1,1,0,1,12.07,8,7,10,4,6,"grass",0
209,0,1,"experience",1.4,NA,"sometimes","sometimes",0,"north","assistant2","Keringishu","male",25,0,0,0,0,"none",1,0,0,0,1,0,0,0,NA,NA,NA,"very often",10,NA,1,1,-1,1,1,1,1,1,"sometimes","sometimes","never",1,2,1,1,1,1,1,1,1,1,1,1,1,1,6.1,2,0,6,4,5,"grass",0
210,0,1,"experience",1,2.66666666666667,"often","sometimes",1,"north","assistant2","Lukumai","female",32,3,6,0,0,"none",1,0,0,0,1,0,0,0,NA,8,3,"never",30,NA,1,1,0,1,1,1,0,0,NA,"often","never",0,-1,0,1,1,1,0,1,2,NA,NA,NA,NA,NA,5.8,0,0,7,4,5,"grass",0
211,0,1,"experience",1,2.5,"often","sometimes",NA,"north","assistant2","Laitayok","female",30,2,3,2,1,"primary",1,0,0,0,0,0,0,0,NA,5,2,"never",NA,NA,1,1,-1,1,1,1,-1,-1,"rarely","sometimes","never",1,2,2,1,2,1,1,1,1,1,1,2,0,1,5.3,3,0,4,4,6,"grass",0
212,0,1,"experience",1.5,4.33333333333333,"often","never",NA,"north","assistant2","Irmoingo","female",47,10,1,0,0,"none",1,0,0,0,0,0,0,0,NA,13,3,"never",NA,NA,1,1,-1,1,1,1,1,1,"never","sometimes","never",1,1,-1,2,1,0,1,1,1,1,1,1,NA,1,8.56,5,6,7,4,7,"grass",0
213,0,1,"prestige",1.2,2.5,"very often","sometimes",1,"north","assistant2","Lukumai","male",33,1,3,1,0,"none",1,0,0,0,1,0,0,0,NA,5,2,"often",14,NA,1,1,-1,1,1,1,1,1,"sometimes","sometimes","never",1,1,-1,2,2,2,1,1,1,1,2,1,1,2,6.24,2,4,5,8,9,"grass",0
214,0,1,"prestige",NA,1.75,"often","sometimes",0,"north","assistant2","Irmoingo","male",45,1,5,5,0,"none",1,0,0,0,1,0,0,0,NA,7,4,"often",18,"traditional",0,0,-1,1,-1,1,-1,-1,"never","sometimes","never",1,1,-1,1,2,2,-1,1,1,1,1,2,0,1,NA,NA,NA,NA,NA,NA,NA,NA
215,0,1,"prestige",1.6,2,"often","sometimes",1,"north","assistant2","Irmoingo","male",29,1,2,0,0,"none",1,0,0,0,1,0,0,0,NA,4,2,"often",15,NA,1,1,-1,1,1,1,1,1,"rarely","sometimes","never",1,1,0,2,2,1,1,1,2,1,1,0,-1,1,6.54,3,4,5,7,8,"grass",0
216,0,1,"prestige",1.4,2,"often","sometimes",0,"north","assistant2","Lukumai","male",29,1,2,0,1,"primary",1,0,0,0,1,0,0,0,"watchman in town",4,2,"very often",8,NA,1,0,-1,1,1,1,0,0,"never","sometimes","never",1,1,-1,0,1,2,0,1,0,1,1,1,-1,1,5.9,3,0,4,7,9,"grass",0
217,0,1,"experience",1.2,2.5,"sometimes","sometimes",0,"north","assistant2","Mollel","male",32,1,3,1,0,"none",1,0,0,0,1,0,1,0,NA,5,2,"rarely",7,NA,1,-1,-1,1,1,1,-1,-1,"never","sometimes","never",2,2,0,1,2,1,1,0,-1,0,0,1,2,0,2.7,0,0,3,2,4,"grass",0
218,0,1,"experience",1.2,1.8,"often","sometimes",0,"north","assistant2","Mollel","male",65,2,6,4,0,"none",1,0,0,0,1,0,0,0,NA,9,5,"sometimes",10,NA,1,-1,-1,1,1,1,1,1,"rarely","sometimes","never",-1,1,0,2,1,2,1,-1,2,-1,0,2,-1,1,6.74,2,4,7,8,0,"grass",0
219,0,1,"experience",1,1,"sometimes","sometimes",0,"north","assistant2","Lukumai","male",28,0,0,NA,1,"secondary",1,0,0,0,1,0,0,0,NA,1,1,"very often",10,NA,1,1,-1,1,1,1,1,1,"rarely","sometimes","sometimes",1,2,NA,2,1,2,1,2,1,1,2,1,0,-1,5.6,3,0,5,2,4,"grass",1
220,0,1,"experience",0.8,3.5,"sometimes","sometimes",0,"north","assistant2","Inkidongi","male",37,1,5,3,1,"primary",1,0,0,0,1,0,0,0,NA,7,2,"rarely",12,NA,1,-1,-1,1,1,1,1,0,"rarely","sometimes","never",1,2,1,2,0,1,1,2,2,1,2,1,0,1,2.26,4,6,0,2,0,"grass",0
221,0,1,"experience",1,3.33333333333333,"often","sometimes",0,"north","assistant2","Inkidongi","male",32,2,7,4,1,"primary",1,0,0,0,1,0,1,0,NA,10,3,"sometimes",23,NA,1,-1,-1,1,1,1,0,1,"rarely","sometimes","never",1,2,0,1,2,1,0,1,1,1,1,2,1,2,6.04,3,4,5,10,0,"grass",0
222,0,1,"prestige",1.2,1,"sometimes","never",0,"north","assistant2","Laitayok","male",75,1,7,4,0,"none",1,0,0,0,1,0,0,0,NA,9,9,"never",32,NA,1,-1,-1,1,1,1,0,0,NA,"sometimes","never",1,2,-2,0,1,2,0,1,2,2,1,0,1,0,6.83,2,3,7,4,5,"grass",0
223,0,1,"experience",1,2.5,"sometimes","sometimes",1,"north","assistant2","Mamasita","female",38,2,3,1,0,"none",1,0,0,0,1,0,0,0,NA,5,2,"never",12,NA,1,-1,-1,1,1,1,0,0,"rarely","sometimes","never",0,-1,2,-2,1,1,0,1,1,1,2,1,1,0,6.6,0,0,7,8,9,"grass",0
224,0,1,"prestige",1.2,1.2,"often","sometimes",1,"north","assistant2","Mollel","male",72,4,20,14,0,"none",1,0,0,0,1,0,0,0,NA,24,20,"never",30,NA,0,1,1,1,-1,1,-1,-1,"never","sometimes","never",1,1,-1,1,2,2,2,0,1,0,1,1,1,2,4.93,2,3,4,5,6,"grass",0
225,0,1,"prestige",1.2,1.83333333333333,"often","often",0,"north","assistant2","Lukumai","male",64,2,8,7,0,"none",1,0,0,0,1,0,0,0,NA,11,6,"sometimes",18,"traditional",-1,-1,-1,-1,-1,-1,0,0,"never","never","never",1,1,0,-1,0,2,1,2,1,1,0,2,-1,-2,6.53,7,3,4,2,0,"grass",0
